query_id,recommended_indexes,llm_reasoning_text,execution_time_ms_after,improvement_vs_baseline
Q1,"[{""table"": ""customer"", ""columns"": [""c_w_id"", ""c_d_id"", ""c_last"", ""c_first""]}, {""table"": ""orders"", ""columns"": [""o_w_id"", ""o_d_id"", ""o_c_id"", ""o_id""]}, {""table"": ""stock"", ""columns"": [""s_w_id"", ""s_quantity"", ""s_i_id""]}]","
## Index Tuning Analysis — TPC-C Workload

### Queries Already Served by Existing PKs (no new index needed)
- **Q1** → `warehouse_pkey (w_id)` — point lookup, trivial.
- **Q2** → `district_pkey (d_w_id, d_id)` — point lookup, trivial.
- **Q3** → `customer_pkey (c_w_id, c_d_id, c_id)` — point lookup, trivial.
- **Q4** → `item_pkey (i_id)` — point lookup, trivial.
- **Q5** → `stock_pkey (s_w_id, s_i_id)` — point lookup, trivial.
- **Q8** → `order_line_pkey (ol_w_id, ol_d_id, ol_o_id, ol_number)` — prefix scan, trivial.
- **Q9** → `new_order_pkey (no_w_id, no_d_id, no_o_id)` — index-only scan with LIMIT 1; cost = **0.32**, already optimal.
- **Q10** → `order_line_pkey` — prefix scan on `(ol_w_id, ol_d_id, ol_o_id)`, trivial.

### New Index 1: `customer(c_w_id, c_d_id, c_last, c_first)`
- **Targets**: Q6 (and also benefits Q12's nested-loop inner side as a covering index).
- **Q6** filters on `(c_w_id=1, c_d_id=3, c_last='BARBARANTI')` and orders by `c_first`. Without this index the planner falls back to a bitmap heap scan + sort (~372). With this index the planner uses a forward **Index Scan** on the three equality columns (`c_w_id`, `c_d_id`, `c_last`), with `c_first` already in the index for ordering, collapsing cost to **8.43**.
- Column order rationale: `(c_w_id, c_d_id)` are the high-selectivity warehouse/district prefix; `c_last` is the equality filter; `c_first` is the trailing sort key, enabling the index to deliver rows in the right order without a separate sort step.

### New Index 2: `orders(o_w_id, o_d_id, o_c_id, o_id)`
- **Targets**: Q7 (and supports Q12 join lookups).
- **Q7** needs `(o_w_id=1, o_d_id=3, o_c_id=42)` with `ORDER BY o_id DESC LIMIT 1`. Without this index, the planner uses a bitmap heap scan on the PK prefix `(o_w_id, o_d_id)` and then filters + sorts, costing ~372. With this index the planner does a single backward **Index Scan** on all three equality columns and immediately returns the first (maximum) `o_id`, costing **8.31**.
- Column order rationale: `(o_w_id, o_d_id, o_c_id)` are equality predicates; `o_id` as the trailing column allows the index to serve the `ORDER BY o_id DESC LIMIT 1` directly via a backward scan, eliminating any sort.

### New Index 3: `stock(s_w_id, s_quantity, s_i_id)`
- **Targets**: Q11.
- **Q11** joins `order_line` (range scan on `ol_o_id` 980–999) with `stock` where `s_w_id=1` and `s_quantity < 15`, then counts distinct `s_i_id`. Without any special stock index the planner does a nested-loop with `stock_pkey` and applies `s_quantity < 15` as a filter, costing ~1843. With `(s_w_id, s_quantity, s_i_id)` the planner switches to a **Hash Join** strategy: it does an **Index Only Scan** on stock using `(s_w_id=1, s_quantity < 15)` as the index condition (reading only `s_i_id` from the index, no heap access), then hash-joins against the order_line range scan, reducing cost to **~650–678** — a ~63% reduction.
- Column order rationale: `s_w_id` is the equality prefix; `s_quantity` enables the range filter `< 15` to be pushed into the index condition; `s_i_id` is the payload needed by the query, making this a covering (index-only) scan for stock.

### Q12 — No new index recommended
Q12 aggregates `SUM(ol_amount)` across all orders for all customers at `c_w_id=1`, joining all three large tables. The planner consistently prefers seq scans on `orders` (30 000 rows) and `customer` (30 000 rows) for the inner hash build, regardless of indexes tested. This is correct behavior: when nearly all rows of a warehouse are fetched, an index would cost more than a seq scan. The existing `order_line_pkey` already efficiently serves the per-order line lookups inside that query. No additional index materially reduces Q12's cost.
",0.005,0.0
Q2,"[{""table"": ""customer"", ""columns"": [""c_w_id"", ""c_d_id"", ""c_last"", ""c_first""]}, {""table"": ""orders"", ""columns"": [""o_w_id"", ""o_d_id"", ""o_c_id"", ""o_id""]}, {""table"": ""stock"", ""columns"": [""s_w_id"", ""s_quantity"", ""s_i_id""]}]","
## Index Tuning Analysis — TPC-C Workload

### Queries Already Served by Existing PKs (no new index needed)
- **Q1** → `warehouse_pkey (w_id)` — point lookup, trivial.
- **Q2** → `district_pkey (d_w_id, d_id)` — point lookup, trivial.
- **Q3** → `customer_pkey (c_w_id, c_d_id, c_id)` — point lookup, trivial.
- **Q4** → `item_pkey (i_id)` — point lookup, trivial.
- **Q5** → `stock_pkey (s_w_id, s_i_id)` — point lookup, trivial.
- **Q8** → `order_line_pkey (ol_w_id, ol_d_id, ol_o_id, ol_number)` — prefix scan, trivial.
- **Q9** → `new_order_pkey (no_w_id, no_d_id, no_o_id)` — index-only scan with LIMIT 1; cost = **0.32**, already optimal.
- **Q10** → `order_line_pkey` — prefix scan on `(ol_w_id, ol_d_id, ol_o_id)`, trivial.

### New Index 1: `customer(c_w_id, c_d_id, c_last, c_first)`
- **Targets**: Q6 (and also benefits Q12's nested-loop inner side as a covering index).
- **Q6** filters on `(c_w_id=1, c_d_id=3, c_last='BARBARANTI')` and orders by `c_first`. Without this index the planner falls back to a bitmap heap scan + sort (~372). With this index the planner uses a forward **Index Scan** on the three equality columns (`c_w_id`, `c_d_id`, `c_last`), with `c_first` already in the index for ordering, collapsing cost to **8.43**.
- Column order rationale: `(c_w_id, c_d_id)` are the high-selectivity warehouse/district prefix; `c_last` is the equality filter; `c_first` is the trailing sort key, enabling the index to deliver rows in the right order without a separate sort step.

### New Index 2: `orders(o_w_id, o_d_id, o_c_id, o_id)`
- **Targets**: Q7 (and supports Q12 join lookups).
- **Q7** needs `(o_w_id=1, o_d_id=3, o_c_id=42)` with `ORDER BY o_id DESC LIMIT 1`. Without this index, the planner uses a bitmap heap scan on the PK prefix `(o_w_id, o_d_id)` and then filters + sorts, costing ~372. With this index the planner does a single backward **Index Scan** on all three equality columns and immediately returns the first (maximum) `o_id`, costing **8.31**.
- Column order rationale: `(o_w_id, o_d_id, o_c_id)` are equality predicates; `o_id` as the trailing column allows the index to serve the `ORDER BY o_id DESC LIMIT 1` directly via a backward scan, eliminating any sort.

### New Index 3: `stock(s_w_id, s_quantity, s_i_id)`
- **Targets**: Q11.
- **Q11** joins `order_line` (range scan on `ol_o_id` 980–999) with `stock` where `s_w_id=1` and `s_quantity < 15`, then counts distinct `s_i_id`. Without any special stock index the planner does a nested-loop with `stock_pkey` and applies `s_quantity < 15` as a filter, costing ~1843. With `(s_w_id, s_quantity, s_i_id)` the planner switches to a **Hash Join** strategy: it does an **Index Only Scan** on stock using `(s_w_id=1, s_quantity < 15)` as the index condition (reading only `s_i_id` from the index, no heap access), then hash-joins against the order_line range scan, reducing cost to **~650–678** — a ~63% reduction.
- Column order rationale: `s_w_id` is the equality prefix; `s_quantity` enables the range filter `< 15` to be pushed into the index condition; `s_i_id` is the payload needed by the query, making this a covering (index-only) scan for stock.

### Q12 — No new index recommended
Q12 aggregates `SUM(ol_amount)` across all orders for all customers at `c_w_id=1`, joining all three large tables. The planner consistently prefers seq scans on `orders` (30 000 rows) and `customer` (30 000 rows) for the inner hash build, regardless of indexes tested. This is correct behavior: when nearly all rows of a warehouse are fetched, an index would cost more than a seq scan. The existing `order_line_pkey` already efficiently serves the per-order line lookups inside that query. No additional index materially reduces Q12's cost.
",0.006,14.29
Q3,"[{""table"": ""customer"", ""columns"": [""c_w_id"", ""c_d_id"", ""c_last"", ""c_first""]}, {""table"": ""orders"", ""columns"": [""o_w_id"", ""o_d_id"", ""o_c_id"", ""o_id""]}, {""table"": ""stock"", ""columns"": [""s_w_id"", ""s_quantity"", ""s_i_id""]}]","
## Index Tuning Analysis — TPC-C Workload

### Queries Already Served by Existing PKs (no new index needed)
- **Q1** → `warehouse_pkey (w_id)` — point lookup, trivial.
- **Q2** → `district_pkey (d_w_id, d_id)` — point lookup, trivial.
- **Q3** → `customer_pkey (c_w_id, c_d_id, c_id)` — point lookup, trivial.
- **Q4** → `item_pkey (i_id)` — point lookup, trivial.
- **Q5** → `stock_pkey (s_w_id, s_i_id)` — point lookup, trivial.
- **Q8** → `order_line_pkey (ol_w_id, ol_d_id, ol_o_id, ol_number)` — prefix scan, trivial.
- **Q9** → `new_order_pkey (no_w_id, no_d_id, no_o_id)` — index-only scan with LIMIT 1; cost = **0.32**, already optimal.
- **Q10** → `order_line_pkey` — prefix scan on `(ol_w_id, ol_d_id, ol_o_id)`, trivial.

### New Index 1: `customer(c_w_id, c_d_id, c_last, c_first)`
- **Targets**: Q6 (and also benefits Q12's nested-loop inner side as a covering index).
- **Q6** filters on `(c_w_id=1, c_d_id=3, c_last='BARBARANTI')` and orders by `c_first`. Without this index the planner falls back to a bitmap heap scan + sort (~372). With this index the planner uses a forward **Index Scan** on the three equality columns (`c_w_id`, `c_d_id`, `c_last`), with `c_first` already in the index for ordering, collapsing cost to **8.43**.
- Column order rationale: `(c_w_id, c_d_id)` are the high-selectivity warehouse/district prefix; `c_last` is the equality filter; `c_first` is the trailing sort key, enabling the index to deliver rows in the right order without a separate sort step.

### New Index 2: `orders(o_w_id, o_d_id, o_c_id, o_id)`
- **Targets**: Q7 (and supports Q12 join lookups).
- **Q7** needs `(o_w_id=1, o_d_id=3, o_c_id=42)` with `ORDER BY o_id DESC LIMIT 1`. Without this index, the planner uses a bitmap heap scan on the PK prefix `(o_w_id, o_d_id)` and then filters + sorts, costing ~372. With this index the planner does a single backward **Index Scan** on all three equality columns and immediately returns the first (maximum) `o_id`, costing **8.31**.
- Column order rationale: `(o_w_id, o_d_id, o_c_id)` are equality predicates; `o_id` as the trailing column allows the index to serve the `ORDER BY o_id DESC LIMIT 1` directly via a backward scan, eliminating any sort.

### New Index 3: `stock(s_w_id, s_quantity, s_i_id)`
- **Targets**: Q11.
- **Q11** joins `order_line` (range scan on `ol_o_id` 980–999) with `stock` where `s_w_id=1` and `s_quantity < 15`, then counts distinct `s_i_id`. Without any special stock index the planner does a nested-loop with `stock_pkey` and applies `s_quantity < 15` as a filter, costing ~1843. With `(s_w_id, s_quantity, s_i_id)` the planner switches to a **Hash Join** strategy: it does an **Index Only Scan** on stock using `(s_w_id=1, s_quantity < 15)` as the index condition (reading only `s_i_id` from the index, no heap access), then hash-joins against the order_line range scan, reducing cost to **~650–678** — a ~63% reduction.
- Column order rationale: `s_w_id` is the equality prefix; `s_quantity` enables the range filter `< 15` to be pushed into the index condition; `s_i_id` is the payload needed by the query, making this a covering (index-only) scan for stock.

### Q12 — No new index recommended
Q12 aggregates `SUM(ol_amount)` across all orders for all customers at `c_w_id=1`, joining all three large tables. The planner consistently prefers seq scans on `orders` (30 000 rows) and `customer` (30 000 rows) for the inner hash build, regardless of indexes tested. This is correct behavior: when nearly all rows of a warehouse are fetched, an index would cost more than a seq scan. The existing `order_line_pkey` already efficiently serves the per-order line lookups inside that query. No additional index materially reduces Q12's cost.
",0.007,12.5
Q4,"[{""table"": ""customer"", ""columns"": [""c_w_id"", ""c_d_id"", ""c_last"", ""c_first""]}, {""table"": ""orders"", ""columns"": [""o_w_id"", ""o_d_id"", ""o_c_id"", ""o_id""]}, {""table"": ""stock"", ""columns"": [""s_w_id"", ""s_quantity"", ""s_i_id""]}]","
## Index Tuning Analysis — TPC-C Workload

### Queries Already Served by Existing PKs (no new index needed)
- **Q1** → `warehouse_pkey (w_id)` — point lookup, trivial.
- **Q2** → `district_pkey (d_w_id, d_id)` — point lookup, trivial.
- **Q3** → `customer_pkey (c_w_id, c_d_id, c_id)` — point lookup, trivial.
- **Q4** → `item_pkey (i_id)` — point lookup, trivial.
- **Q5** → `stock_pkey (s_w_id, s_i_id)` — point lookup, trivial.
- **Q8** → `order_line_pkey (ol_w_id, ol_d_id, ol_o_id, ol_number)` — prefix scan, trivial.
- **Q9** → `new_order_pkey (no_w_id, no_d_id, no_o_id)` — index-only scan with LIMIT 1; cost = **0.32**, already optimal.
- **Q10** → `order_line_pkey` — prefix scan on `(ol_w_id, ol_d_id, ol_o_id)`, trivial.

### New Index 1: `customer(c_w_id, c_d_id, c_last, c_first)`
- **Targets**: Q6 (and also benefits Q12's nested-loop inner side as a covering index).
- **Q6** filters on `(c_w_id=1, c_d_id=3, c_last='BARBARANTI')` and orders by `c_first`. Without this index the planner falls back to a bitmap heap scan + sort (~372). With this index the planner uses a forward **Index Scan** on the three equality columns (`c_w_id`, `c_d_id`, `c_last`), with `c_first` already in the index for ordering, collapsing cost to **8.43**.
- Column order rationale: `(c_w_id, c_d_id)` are the high-selectivity warehouse/district prefix; `c_last` is the equality filter; `c_first` is the trailing sort key, enabling the index to deliver rows in the right order without a separate sort step.

### New Index 2: `orders(o_w_id, o_d_id, o_c_id, o_id)`
- **Targets**: Q7 (and supports Q12 join lookups).
- **Q7** needs `(o_w_id=1, o_d_id=3, o_c_id=42)` with `ORDER BY o_id DESC LIMIT 1`. Without this index, the planner uses a bitmap heap scan on the PK prefix `(o_w_id, o_d_id)` and then filters + sorts, costing ~372. With this index the planner does a single backward **Index Scan** on all three equality columns and immediately returns the first (maximum) `o_id`, costing **8.31**.
- Column order rationale: `(o_w_id, o_d_id, o_c_id)` are equality predicates; `o_id` as the trailing column allows the index to serve the `ORDER BY o_id DESC LIMIT 1` directly via a backward scan, eliminating any sort.

### New Index 3: `stock(s_w_id, s_quantity, s_i_id)`
- **Targets**: Q11.
- **Q11** joins `order_line` (range scan on `ol_o_id` 980–999) with `stock` where `s_w_id=1` and `s_quantity < 15`, then counts distinct `s_i_id`. Without any special stock index the planner does a nested-loop with `stock_pkey` and applies `s_quantity < 15` as a filter, costing ~1843. With `(s_w_id, s_quantity, s_i_id)` the planner switches to a **Hash Join** strategy: it does an **Index Only Scan** on stock using `(s_w_id=1, s_quantity < 15)` as the index condition (reading only `s_i_id` from the index, no heap access), then hash-joins against the order_line range scan, reducing cost to **~650–678** — a ~63% reduction.
- Column order rationale: `s_w_id` is the equality prefix; `s_quantity` enables the range filter `< 15` to be pushed into the index condition; `s_i_id` is the payload needed by the query, making this a covering (index-only) scan for stock.

### Q12 — No new index recommended
Q12 aggregates `SUM(ol_amount)` across all orders for all customers at `c_w_id=1`, joining all three large tables. The planner consistently prefers seq scans on `orders` (30 000 rows) and `customer` (30 000 rows) for the inner hash build, regardless of indexes tested. This is correct behavior: when nearly all rows of a warehouse are fetched, an index would cost more than a seq scan. The existing `order_line_pkey` already efficiently serves the per-order line lookups inside that query. No additional index materially reduces Q12's cost.
",0.006,0.0
Q5,"[{""table"": ""customer"", ""columns"": [""c_w_id"", ""c_d_id"", ""c_last"", ""c_first""]}, {""table"": ""orders"", ""columns"": [""o_w_id"", ""o_d_id"", ""o_c_id"", ""o_id""]}, {""table"": ""stock"", ""columns"": [""s_w_id"", ""s_quantity"", ""s_i_id""]}]","
## Index Tuning Analysis — TPC-C Workload

### Queries Already Served by Existing PKs (no new index needed)
- **Q1** → `warehouse_pkey (w_id)` — point lookup, trivial.
- **Q2** → `district_pkey (d_w_id, d_id)` — point lookup, trivial.
- **Q3** → `customer_pkey (c_w_id, c_d_id, c_id)` — point lookup, trivial.
- **Q4** → `item_pkey (i_id)` — point lookup, trivial.
- **Q5** → `stock_pkey (s_w_id, s_i_id)` — point lookup, trivial.
- **Q8** → `order_line_pkey (ol_w_id, ol_d_id, ol_o_id, ol_number)` — prefix scan, trivial.
- **Q9** → `new_order_pkey (no_w_id, no_d_id, no_o_id)` — index-only scan with LIMIT 1; cost = **0.32**, already optimal.
- **Q10** → `order_line_pkey` — prefix scan on `(ol_w_id, ol_d_id, ol_o_id)`, trivial.

### New Index 1: `customer(c_w_id, c_d_id, c_last, c_first)`
- **Targets**: Q6 (and also benefits Q12's nested-loop inner side as a covering index).
- **Q6** filters on `(c_w_id=1, c_d_id=3, c_last='BARBARANTI')` and orders by `c_first`. Without this index the planner falls back to a bitmap heap scan + sort (~372). With this index the planner uses a forward **Index Scan** on the three equality columns (`c_w_id`, `c_d_id`, `c_last`), with `c_first` already in the index for ordering, collapsing cost to **8.43**.
- Column order rationale: `(c_w_id, c_d_id)` are the high-selectivity warehouse/district prefix; `c_last` is the equality filter; `c_first` is the trailing sort key, enabling the index to deliver rows in the right order without a separate sort step.

### New Index 2: `orders(o_w_id, o_d_id, o_c_id, o_id)`
- **Targets**: Q7 (and supports Q12 join lookups).
- **Q7** needs `(o_w_id=1, o_d_id=3, o_c_id=42)` with `ORDER BY o_id DESC LIMIT 1`. Without this index, the planner uses a bitmap heap scan on the PK prefix `(o_w_id, o_d_id)` and then filters + sorts, costing ~372. With this index the planner does a single backward **Index Scan** on all three equality columns and immediately returns the first (maximum) `o_id`, costing **8.31**.
- Column order rationale: `(o_w_id, o_d_id, o_c_id)` are equality predicates; `o_id` as the trailing column allows the index to serve the `ORDER BY o_id DESC LIMIT 1` directly via a backward scan, eliminating any sort.

### New Index 3: `stock(s_w_id, s_quantity, s_i_id)`
- **Targets**: Q11.
- **Q11** joins `order_line` (range scan on `ol_o_id` 980–999) with `stock` where `s_w_id=1` and `s_quantity < 15`, then counts distinct `s_i_id`. Without any special stock index the planner does a nested-loop with `stock_pkey` and applies `s_quantity < 15` as a filter, costing ~1843. With `(s_w_id, s_quantity, s_i_id)` the planner switches to a **Hash Join** strategy: it does an **Index Only Scan** on stock using `(s_w_id=1, s_quantity < 15)` as the index condition (reading only `s_i_id` from the index, no heap access), then hash-joins against the order_line range scan, reducing cost to **~650–678** — a ~63% reduction.
- Column order rationale: `s_w_id` is the equality prefix; `s_quantity` enables the range filter `< 15` to be pushed into the index condition; `s_i_id` is the payload needed by the query, making this a covering (index-only) scan for stock.

### Q12 — No new index recommended
Q12 aggregates `SUM(ol_amount)` across all orders for all customers at `c_w_id=1`, joining all three large tables. The planner consistently prefers seq scans on `orders` (30 000 rows) and `customer` (30 000 rows) for the inner hash build, regardless of indexes tested. This is correct behavior: when nearly all rows of a warehouse are fetched, an index would cost more than a seq scan. The existing `order_line_pkey` already efficiently serves the per-order line lookups inside that query. No additional index materially reduces Q12's cost.
",0.009,-28.57
Q6,"[{""table"": ""customer"", ""columns"": [""c_w_id"", ""c_d_id"", ""c_last"", ""c_first""]}, {""table"": ""orders"", ""columns"": [""o_w_id"", ""o_d_id"", ""o_c_id"", ""o_id""]}, {""table"": ""stock"", ""columns"": [""s_w_id"", ""s_quantity"", ""s_i_id""]}]","
## Index Tuning Analysis — TPC-C Workload

### Queries Already Served by Existing PKs (no new index needed)
- **Q1** → `warehouse_pkey (w_id)` — point lookup, trivial.
- **Q2** → `district_pkey (d_w_id, d_id)` — point lookup, trivial.
- **Q3** → `customer_pkey (c_w_id, c_d_id, c_id)` — point lookup, trivial.
- **Q4** → `item_pkey (i_id)` — point lookup, trivial.
- **Q5** → `stock_pkey (s_w_id, s_i_id)` — point lookup, trivial.
- **Q8** → `order_line_pkey (ol_w_id, ol_d_id, ol_o_id, ol_number)` — prefix scan, trivial.
- **Q9** → `new_order_pkey (no_w_id, no_d_id, no_o_id)` — index-only scan with LIMIT 1; cost = **0.32**, already optimal.
- **Q10** → `order_line_pkey` — prefix scan on `(ol_w_id, ol_d_id, ol_o_id)`, trivial.

### New Index 1: `customer(c_w_id, c_d_id, c_last, c_first)`
- **Targets**: Q6 (and also benefits Q12's nested-loop inner side as a covering index).
- **Q6** filters on `(c_w_id=1, c_d_id=3, c_last='BARBARANTI')` and orders by `c_first`. Without this index the planner falls back to a bitmap heap scan + sort (~372). With this index the planner uses a forward **Index Scan** on the three equality columns (`c_w_id`, `c_d_id`, `c_last`), with `c_first` already in the index for ordering, collapsing cost to **8.43**.
- Column order rationale: `(c_w_id, c_d_id)` are the high-selectivity warehouse/district prefix; `c_last` is the equality filter; `c_first` is the trailing sort key, enabling the index to deliver rows in the right order without a separate sort step.

### New Index 2: `orders(o_w_id, o_d_id, o_c_id, o_id)`
- **Targets**: Q7 (and supports Q12 join lookups).
- **Q7** needs `(o_w_id=1, o_d_id=3, o_c_id=42)` with `ORDER BY o_id DESC LIMIT 1`. Without this index, the planner uses a bitmap heap scan on the PK prefix `(o_w_id, o_d_id)` and then filters + sorts, costing ~372. With this index the planner does a single backward **Index Scan** on all three equality columns and immediately returns the first (maximum) `o_id`, costing **8.31**.
- Column order rationale: `(o_w_id, o_d_id, o_c_id)` are equality predicates; `o_id` as the trailing column allows the index to serve the `ORDER BY o_id DESC LIMIT 1` directly via a backward scan, eliminating any sort.

### New Index 3: `stock(s_w_id, s_quantity, s_i_id)`
- **Targets**: Q11.
- **Q11** joins `order_line` (range scan on `ol_o_id` 980–999) with `stock` where `s_w_id=1` and `s_quantity < 15`, then counts distinct `s_i_id`. Without any special stock index the planner does a nested-loop with `stock_pkey` and applies `s_quantity < 15` as a filter, costing ~1843. With `(s_w_id, s_quantity, s_i_id)` the planner switches to a **Hash Join** strategy: it does an **Index Only Scan** on stock using `(s_w_id=1, s_quantity < 15)` as the index condition (reading only `s_i_id` from the index, no heap access), then hash-joins against the order_line range scan, reducing cost to **~650–678** — a ~63% reduction.
- Column order rationale: `s_w_id` is the equality prefix; `s_quantity` enables the range filter `< 15` to be pushed into the index condition; `s_i_id` is the payload needed by the query, making this a covering (index-only) scan for stock.

### Q12 — No new index recommended
Q12 aggregates `SUM(ol_amount)` across all orders for all customers at `c_w_id=1`, joining all three large tables. The planner consistently prefers seq scans on `orders` (30 000 rows) and `customer` (30 000 rows) for the inner hash build, regardless of indexes tested. This is correct behavior: when nearly all rows of a warehouse are fetched, an index would cost more than a seq scan. The existing `order_line_pkey` already efficiently serves the per-order line lookups inside that query. No additional index materially reduces Q12's cost.
",0.009,95.71
Q7,"[{""table"": ""customer"", ""columns"": [""c_w_id"", ""c_d_id"", ""c_last"", ""c_first""]}, {""table"": ""orders"", ""columns"": [""o_w_id"", ""o_d_id"", ""o_c_id"", ""o_id""]}, {""table"": ""stock"", ""columns"": [""s_w_id"", ""s_quantity"", ""s_i_id""]}]","
## Index Tuning Analysis — TPC-C Workload

### Queries Already Served by Existing PKs (no new index needed)
- **Q1** → `warehouse_pkey (w_id)` — point lookup, trivial.
- **Q2** → `district_pkey (d_w_id, d_id)` — point lookup, trivial.
- **Q3** → `customer_pkey (c_w_id, c_d_id, c_id)` — point lookup, trivial.
- **Q4** → `item_pkey (i_id)` — point lookup, trivial.
- **Q5** → `stock_pkey (s_w_id, s_i_id)` — point lookup, trivial.
- **Q8** → `order_line_pkey (ol_w_id, ol_d_id, ol_o_id, ol_number)` — prefix scan, trivial.
- **Q9** → `new_order_pkey (no_w_id, no_d_id, no_o_id)` — index-only scan with LIMIT 1; cost = **0.32**, already optimal.
- **Q10** → `order_line_pkey` — prefix scan on `(ol_w_id, ol_d_id, ol_o_id)`, trivial.

### New Index 1: `customer(c_w_id, c_d_id, c_last, c_first)`
- **Targets**: Q6 (and also benefits Q12's nested-loop inner side as a covering index).
- **Q6** filters on `(c_w_id=1, c_d_id=3, c_last='BARBARANTI')` and orders by `c_first`. Without this index the planner falls back to a bitmap heap scan + sort (~372). With this index the planner uses a forward **Index Scan** on the three equality columns (`c_w_id`, `c_d_id`, `c_last`), with `c_first` already in the index for ordering, collapsing cost to **8.43**.
- Column order rationale: `(c_w_id, c_d_id)` are the high-selectivity warehouse/district prefix; `c_last` is the equality filter; `c_first` is the trailing sort key, enabling the index to deliver rows in the right order without a separate sort step.

### New Index 2: `orders(o_w_id, o_d_id, o_c_id, o_id)`
- **Targets**: Q7 (and supports Q12 join lookups).
- **Q7** needs `(o_w_id=1, o_d_id=3, o_c_id=42)` with `ORDER BY o_id DESC LIMIT 1`. Without this index, the planner uses a bitmap heap scan on the PK prefix `(o_w_id, o_d_id)` and then filters + sorts, costing ~372. With this index the planner does a single backward **Index Scan** on all three equality columns and immediately returns the first (maximum) `o_id`, costing **8.31**.
- Column order rationale: `(o_w_id, o_d_id, o_c_id)` are equality predicates; `o_id` as the trailing column allows the index to serve the `ORDER BY o_id DESC LIMIT 1` directly via a backward scan, eliminating any sort.

### New Index 3: `stock(s_w_id, s_quantity, s_i_id)`
- **Targets**: Q11.
- **Q11** joins `order_line` (range scan on `ol_o_id` 980–999) with `stock` where `s_w_id=1` and `s_quantity < 15`, then counts distinct `s_i_id`. Without any special stock index the planner does a nested-loop with `stock_pkey` and applies `s_quantity < 15` as a filter, costing ~1843. With `(s_w_id, s_quantity, s_i_id)` the planner switches to a **Hash Join** strategy: it does an **Index Only Scan** on stock using `(s_w_id=1, s_quantity < 15)` as the index condition (reading only `s_i_id` from the index, no heap access), then hash-joins against the order_line range scan, reducing cost to **~650–678** — a ~63% reduction.
- Column order rationale: `s_w_id` is the equality prefix; `s_quantity` enables the range filter `< 15` to be pushed into the index condition; `s_i_id` is the payload needed by the query, making this a covering (index-only) scan for stock.

### Q12 — No new index recommended
Q12 aggregates `SUM(ol_amount)` across all orders for all customers at `c_w_id=1`, joining all three large tables. The planner consistently prefers seq scans on `orders` (30 000 rows) and `customer` (30 000 rows) for the inner hash build, regardless of indexes tested. This is correct behavior: when nearly all rows of a warehouse are fetched, an index would cost more than a seq scan. The existing `order_line_pkey` already efficiently serves the per-order line lookups inside that query. No additional index materially reduces Q12's cost.
",0.007,96.3
Q8,"[{""table"": ""customer"", ""columns"": [""c_w_id"", ""c_d_id"", ""c_last"", ""c_first""]}, {""table"": ""orders"", ""columns"": [""o_w_id"", ""o_d_id"", ""o_c_id"", ""o_id""]}, {""table"": ""stock"", ""columns"": [""s_w_id"", ""s_quantity"", ""s_i_id""]}]","
## Index Tuning Analysis — TPC-C Workload

### Queries Already Served by Existing PKs (no new index needed)
- **Q1** → `warehouse_pkey (w_id)` — point lookup, trivial.
- **Q2** → `district_pkey (d_w_id, d_id)` — point lookup, trivial.
- **Q3** → `customer_pkey (c_w_id, c_d_id, c_id)` — point lookup, trivial.
- **Q4** → `item_pkey (i_id)` — point lookup, trivial.
- **Q5** → `stock_pkey (s_w_id, s_i_id)` — point lookup, trivial.
- **Q8** → `order_line_pkey (ol_w_id, ol_d_id, ol_o_id, ol_number)` — prefix scan, trivial.
- **Q9** → `new_order_pkey (no_w_id, no_d_id, no_o_id)` — index-only scan with LIMIT 1; cost = **0.32**, already optimal.
- **Q10** → `order_line_pkey` — prefix scan on `(ol_w_id, ol_d_id, ol_o_id)`, trivial.

### New Index 1: `customer(c_w_id, c_d_id, c_last, c_first)`
- **Targets**: Q6 (and also benefits Q12's nested-loop inner side as a covering index).
- **Q6** filters on `(c_w_id=1, c_d_id=3, c_last='BARBARANTI')` and orders by `c_first`. Without this index the planner falls back to a bitmap heap scan + sort (~372). With this index the planner uses a forward **Index Scan** on the three equality columns (`c_w_id`, `c_d_id`, `c_last`), with `c_first` already in the index for ordering, collapsing cost to **8.43**.
- Column order rationale: `(c_w_id, c_d_id)` are the high-selectivity warehouse/district prefix; `c_last` is the equality filter; `c_first` is the trailing sort key, enabling the index to deliver rows in the right order without a separate sort step.

### New Index 2: `orders(o_w_id, o_d_id, o_c_id, o_id)`
- **Targets**: Q7 (and supports Q12 join lookups).
- **Q7** needs `(o_w_id=1, o_d_id=3, o_c_id=42)` with `ORDER BY o_id DESC LIMIT 1`. Without this index, the planner uses a bitmap heap scan on the PK prefix `(o_w_id, o_d_id)` and then filters + sorts, costing ~372. With this index the planner does a single backward **Index Scan** on all three equality columns and immediately returns the first (maximum) `o_id`, costing **8.31**.
- Column order rationale: `(o_w_id, o_d_id, o_c_id)` are equality predicates; `o_id` as the trailing column allows the index to serve the `ORDER BY o_id DESC LIMIT 1` directly via a backward scan, eliminating any sort.

### New Index 3: `stock(s_w_id, s_quantity, s_i_id)`
- **Targets**: Q11.
- **Q11** joins `order_line` (range scan on `ol_o_id` 980–999) with `stock` where `s_w_id=1` and `s_quantity < 15`, then counts distinct `s_i_id`. Without any special stock index the planner does a nested-loop with `stock_pkey` and applies `s_quantity < 15` as a filter, costing ~1843. With `(s_w_id, s_quantity, s_i_id)` the planner switches to a **Hash Join** strategy: it does an **Index Only Scan** on stock using `(s_w_id=1, s_quantity < 15)` as the index condition (reading only `s_i_id` from the index, no heap access), then hash-joins against the order_line range scan, reducing cost to **~650–678** — a ~63% reduction.
- Column order rationale: `s_w_id` is the equality prefix; `s_quantity` enables the range filter `< 15` to be pushed into the index condition; `s_i_id` is the payload needed by the query, making this a covering (index-only) scan for stock.

### Q12 — No new index recommended
Q12 aggregates `SUM(ol_amount)` across all orders for all customers at `c_w_id=1`, joining all three large tables. The planner consistently prefers seq scans on `orders` (30 000 rows) and `customer` (30 000 rows) for the inner hash build, regardless of indexes tested. This is correct behavior: when nearly all rows of a warehouse are fetched, an index would cost more than a seq scan. The existing `order_line_pkey` already efficiently serves the per-order line lookups inside that query. No additional index materially reduces Q12's cost.
",0.008,20.0
Q9,"[{""table"": ""customer"", ""columns"": [""c_w_id"", ""c_d_id"", ""c_last"", ""c_first""]}, {""table"": ""orders"", ""columns"": [""o_w_id"", ""o_d_id"", ""o_c_id"", ""o_id""]}, {""table"": ""stock"", ""columns"": [""s_w_id"", ""s_quantity"", ""s_i_id""]}]","
## Index Tuning Analysis — TPC-C Workload

### Queries Already Served by Existing PKs (no new index needed)
- **Q1** → `warehouse_pkey (w_id)` — point lookup, trivial.
- **Q2** → `district_pkey (d_w_id, d_id)` — point lookup, trivial.
- **Q3** → `customer_pkey (c_w_id, c_d_id, c_id)` — point lookup, trivial.
- **Q4** → `item_pkey (i_id)` — point lookup, trivial.
- **Q5** → `stock_pkey (s_w_id, s_i_id)` — point lookup, trivial.
- **Q8** → `order_line_pkey (ol_w_id, ol_d_id, ol_o_id, ol_number)` — prefix scan, trivial.
- **Q9** → `new_order_pkey (no_w_id, no_d_id, no_o_id)` — index-only scan with LIMIT 1; cost = **0.32**, already optimal.
- **Q10** → `order_line_pkey` — prefix scan on `(ol_w_id, ol_d_id, ol_o_id)`, trivial.

### New Index 1: `customer(c_w_id, c_d_id, c_last, c_first)`
- **Targets**: Q6 (and also benefits Q12's nested-loop inner side as a covering index).
- **Q6** filters on `(c_w_id=1, c_d_id=3, c_last='BARBARANTI')` and orders by `c_first`. Without this index the planner falls back to a bitmap heap scan + sort (~372). With this index the planner uses a forward **Index Scan** on the three equality columns (`c_w_id`, `c_d_id`, `c_last`), with `c_first` already in the index for ordering, collapsing cost to **8.43**.
- Column order rationale: `(c_w_id, c_d_id)` are the high-selectivity warehouse/district prefix; `c_last` is the equality filter; `c_first` is the trailing sort key, enabling the index to deliver rows in the right order without a separate sort step.

### New Index 2: `orders(o_w_id, o_d_id, o_c_id, o_id)`
- **Targets**: Q7 (and supports Q12 join lookups).
- **Q7** needs `(o_w_id=1, o_d_id=3, o_c_id=42)` with `ORDER BY o_id DESC LIMIT 1`. Without this index, the planner uses a bitmap heap scan on the PK prefix `(o_w_id, o_d_id)` and then filters + sorts, costing ~372. With this index the planner does a single backward **Index Scan** on all three equality columns and immediately returns the first (maximum) `o_id`, costing **8.31**.
- Column order rationale: `(o_w_id, o_d_id, o_c_id)` are equality predicates; `o_id` as the trailing column allows the index to serve the `ORDER BY o_id DESC LIMIT 1` directly via a backward scan, eliminating any sort.

### New Index 3: `stock(s_w_id, s_quantity, s_i_id)`
- **Targets**: Q11.
- **Q11** joins `order_line` (range scan on `ol_o_id` 980–999) with `stock` where `s_w_id=1` and `s_quantity < 15`, then counts distinct `s_i_id`. Without any special stock index the planner does a nested-loop with `stock_pkey` and applies `s_quantity < 15` as a filter, costing ~1843. With `(s_w_id, s_quantity, s_i_id)` the planner switches to a **Hash Join** strategy: it does an **Index Only Scan** on stock using `(s_w_id=1, s_quantity < 15)` as the index condition (reading only `s_i_id` from the index, no heap access), then hash-joins against the order_line range scan, reducing cost to **~650–678** — a ~63% reduction.
- Column order rationale: `s_w_id` is the equality prefix; `s_quantity` enables the range filter `< 15` to be pushed into the index condition; `s_i_id` is the payload needed by the query, making this a covering (index-only) scan for stock.

### Q12 — No new index recommended
Q12 aggregates `SUM(ol_amount)` across all orders for all customers at `c_w_id=1`, joining all three large tables. The planner consistently prefers seq scans on `orders` (30 000 rows) and `customer` (30 000 rows) for the inner hash build, regardless of indexes tested. This is correct behavior: when nearly all rows of a warehouse are fetched, an index would cost more than a seq scan. The existing `order_line_pkey` already efficiently serves the per-order line lookups inside that query. No additional index materially reduces Q12's cost.
",0.007,0.0
Q10,"[{""table"": ""customer"", ""columns"": [""c_w_id"", ""c_d_id"", ""c_last"", ""c_first""]}, {""table"": ""orders"", ""columns"": [""o_w_id"", ""o_d_id"", ""o_c_id"", ""o_id""]}, {""table"": ""stock"", ""columns"": [""s_w_id"", ""s_quantity"", ""s_i_id""]}]","
## Index Tuning Analysis — TPC-C Workload

### Queries Already Served by Existing PKs (no new index needed)
- **Q1** → `warehouse_pkey (w_id)` — point lookup, trivial.
- **Q2** → `district_pkey (d_w_id, d_id)` — point lookup, trivial.
- **Q3** → `customer_pkey (c_w_id, c_d_id, c_id)` — point lookup, trivial.
- **Q4** → `item_pkey (i_id)` — point lookup, trivial.
- **Q5** → `stock_pkey (s_w_id, s_i_id)` — point lookup, trivial.
- **Q8** → `order_line_pkey (ol_w_id, ol_d_id, ol_o_id, ol_number)` — prefix scan, trivial.
- **Q9** → `new_order_pkey (no_w_id, no_d_id, no_o_id)` — index-only scan with LIMIT 1; cost = **0.32**, already optimal.
- **Q10** → `order_line_pkey` — prefix scan on `(ol_w_id, ol_d_id, ol_o_id)`, trivial.

### New Index 1: `customer(c_w_id, c_d_id, c_last, c_first)`
- **Targets**: Q6 (and also benefits Q12's nested-loop inner side as a covering index).
- **Q6** filters on `(c_w_id=1, c_d_id=3, c_last='BARBARANTI')` and orders by `c_first`. Without this index the planner falls back to a bitmap heap scan + sort (~372). With this index the planner uses a forward **Index Scan** on the three equality columns (`c_w_id`, `c_d_id`, `c_last`), with `c_first` already in the index for ordering, collapsing cost to **8.43**.
- Column order rationale: `(c_w_id, c_d_id)` are the high-selectivity warehouse/district prefix; `c_last` is the equality filter; `c_first` is the trailing sort key, enabling the index to deliver rows in the right order without a separate sort step.

### New Index 2: `orders(o_w_id, o_d_id, o_c_id, o_id)`
- **Targets**: Q7 (and supports Q12 join lookups).
- **Q7** needs `(o_w_id=1, o_d_id=3, o_c_id=42)` with `ORDER BY o_id DESC LIMIT 1`. Without this index, the planner uses a bitmap heap scan on the PK prefix `(o_w_id, o_d_id)` and then filters + sorts, costing ~372. With this index the planner does a single backward **Index Scan** on all three equality columns and immediately returns the first (maximum) `o_id`, costing **8.31**.
- Column order rationale: `(o_w_id, o_d_id, o_c_id)` are equality predicates; `o_id` as the trailing column allows the index to serve the `ORDER BY o_id DESC LIMIT 1` directly via a backward scan, eliminating any sort.

### New Index 3: `stock(s_w_id, s_quantity, s_i_id)`
- **Targets**: Q11.
- **Q11** joins `order_line` (range scan on `ol_o_id` 980–999) with `stock` where `s_w_id=1` and `s_quantity < 15`, then counts distinct `s_i_id`. Without any special stock index the planner does a nested-loop with `stock_pkey` and applies `s_quantity < 15` as a filter, costing ~1843. With `(s_w_id, s_quantity, s_i_id)` the planner switches to a **Hash Join** strategy: it does an **Index Only Scan** on stock using `(s_w_id=1, s_quantity < 15)` as the index condition (reading only `s_i_id` from the index, no heap access), then hash-joins against the order_line range scan, reducing cost to **~650–678** — a ~63% reduction.
- Column order rationale: `s_w_id` is the equality prefix; `s_quantity` enables the range filter `< 15` to be pushed into the index condition; `s_i_id` is the payload needed by the query, making this a covering (index-only) scan for stock.

### Q12 — No new index recommended
Q12 aggregates `SUM(ol_amount)` across all orders for all customers at `c_w_id=1`, joining all three large tables. The planner consistently prefers seq scans on `orders` (30 000 rows) and `customer` (30 000 rows) for the inner hash build, regardless of indexes tested. This is correct behavior: when nearly all rows of a warehouse are fetched, an index would cost more than a seq scan. The existing `order_line_pkey` already efficiently serves the per-order line lookups inside that query. No additional index materially reduces Q12's cost.
",0.016,-6.67
Q11,"[{""table"": ""customer"", ""columns"": [""c_w_id"", ""c_d_id"", ""c_last"", ""c_first""]}, {""table"": ""orders"", ""columns"": [""o_w_id"", ""o_d_id"", ""o_c_id"", ""o_id""]}, {""table"": ""stock"", ""columns"": [""s_w_id"", ""s_quantity"", ""s_i_id""]}]","
## Index Tuning Analysis — TPC-C Workload

### Queries Already Served by Existing PKs (no new index needed)
- **Q1** → `warehouse_pkey (w_id)` — point lookup, trivial.
- **Q2** → `district_pkey (d_w_id, d_id)` — point lookup, trivial.
- **Q3** → `customer_pkey (c_w_id, c_d_id, c_id)` — point lookup, trivial.
- **Q4** → `item_pkey (i_id)` — point lookup, trivial.
- **Q5** → `stock_pkey (s_w_id, s_i_id)` — point lookup, trivial.
- **Q8** → `order_line_pkey (ol_w_id, ol_d_id, ol_o_id, ol_number)` — prefix scan, trivial.
- **Q9** → `new_order_pkey (no_w_id, no_d_id, no_o_id)` — index-only scan with LIMIT 1; cost = **0.32**, already optimal.
- **Q10** → `order_line_pkey` — prefix scan on `(ol_w_id, ol_d_id, ol_o_id)`, trivial.

### New Index 1: `customer(c_w_id, c_d_id, c_last, c_first)`
- **Targets**: Q6 (and also benefits Q12's nested-loop inner side as a covering index).
- **Q6** filters on `(c_w_id=1, c_d_id=3, c_last='BARBARANTI')` and orders by `c_first`. Without this index the planner falls back to a bitmap heap scan + sort (~372). With this index the planner uses a forward **Index Scan** on the three equality columns (`c_w_id`, `c_d_id`, `c_last`), with `c_first` already in the index for ordering, collapsing cost to **8.43**.
- Column order rationale: `(c_w_id, c_d_id)` are the high-selectivity warehouse/district prefix; `c_last` is the equality filter; `c_first` is the trailing sort key, enabling the index to deliver rows in the right order without a separate sort step.

### New Index 2: `orders(o_w_id, o_d_id, o_c_id, o_id)`
- **Targets**: Q7 (and supports Q12 join lookups).
- **Q7** needs `(o_w_id=1, o_d_id=3, o_c_id=42)` with `ORDER BY o_id DESC LIMIT 1`. Without this index, the planner uses a bitmap heap scan on the PK prefix `(o_w_id, o_d_id)` and then filters + sorts, costing ~372. With this index the planner does a single backward **Index Scan** on all three equality columns and immediately returns the first (maximum) `o_id`, costing **8.31**.
- Column order rationale: `(o_w_id, o_d_id, o_c_id)` are equality predicates; `o_id` as the trailing column allows the index to serve the `ORDER BY o_id DESC LIMIT 1` directly via a backward scan, eliminating any sort.

### New Index 3: `stock(s_w_id, s_quantity, s_i_id)`
- **Targets**: Q11.
- **Q11** joins `order_line` (range scan on `ol_o_id` 980–999) with `stock` where `s_w_id=1` and `s_quantity < 15`, then counts distinct `s_i_id`. Without any special stock index the planner does a nested-loop with `stock_pkey` and applies `s_quantity < 15` as a filter, costing ~1843. With `(s_w_id, s_quantity, s_i_id)` the planner switches to a **Hash Join** strategy: it does an **Index Only Scan** on stock using `(s_w_id=1, s_quantity < 15)` as the index condition (reading only `s_i_id` from the index, no heap access), then hash-joins against the order_line range scan, reducing cost to **~650–678** — a ~63% reduction.
- Column order rationale: `s_w_id` is the equality prefix; `s_quantity` enables the range filter `< 15` to be pushed into the index condition; `s_i_id` is the payload needed by the query, making this a covering (index-only) scan for stock.

### Q12 — No new index recommended
Q12 aggregates `SUM(ol_amount)` across all orders for all customers at `c_w_id=1`, joining all three large tables. The planner consistently prefers seq scans on `orders` (30 000 rows) and `customer` (30 000 rows) for the inner hash build, regardless of indexes tested. This is correct behavior: when nearly all rows of a warehouse are fetched, an index would cost more than a seq scan. The existing `order_line_pkey` already efficiently serves the per-order line lookups inside that query. No additional index materially reduces Q12's cost.
",0.494,-96.03
Q12,"[{""table"": ""customer"", ""columns"": [""c_w_id"", ""c_d_id"", ""c_last"", ""c_first""]}, {""table"": ""orders"", ""columns"": [""o_w_id"", ""o_d_id"", ""o_c_id"", ""o_id""]}, {""table"": ""stock"", ""columns"": [""s_w_id"", ""s_quantity"", ""s_i_id""]}]","
## Index Tuning Analysis — TPC-C Workload

### Queries Already Served by Existing PKs (no new index needed)
- **Q1** → `warehouse_pkey (w_id)` — point lookup, trivial.
- **Q2** → `district_pkey (d_w_id, d_id)` — point lookup, trivial.
- **Q3** → `customer_pkey (c_w_id, c_d_id, c_id)` — point lookup, trivial.
- **Q4** → `item_pkey (i_id)` — point lookup, trivial.
- **Q5** → `stock_pkey (s_w_id, s_i_id)` — point lookup, trivial.
- **Q8** → `order_line_pkey (ol_w_id, ol_d_id, ol_o_id, ol_number)` — prefix scan, trivial.
- **Q9** → `new_order_pkey (no_w_id, no_d_id, no_o_id)` — index-only scan with LIMIT 1; cost = **0.32**, already optimal.
- **Q10** → `order_line_pkey` — prefix scan on `(ol_w_id, ol_d_id, ol_o_id)`, trivial.

### New Index 1: `customer(c_w_id, c_d_id, c_last, c_first)`
- **Targets**: Q6 (and also benefits Q12's nested-loop inner side as a covering index).
- **Q6** filters on `(c_w_id=1, c_d_id=3, c_last='BARBARANTI')` and orders by `c_first`. Without this index the planner falls back to a bitmap heap scan + sort (~372). With this index the planner uses a forward **Index Scan** on the three equality columns (`c_w_id`, `c_d_id`, `c_last`), with `c_first` already in the index for ordering, collapsing cost to **8.43**.
- Column order rationale: `(c_w_id, c_d_id)` are the high-selectivity warehouse/district prefix; `c_last` is the equality filter; `c_first` is the trailing sort key, enabling the index to deliver rows in the right order without a separate sort step.

### New Index 2: `orders(o_w_id, o_d_id, o_c_id, o_id)`
- **Targets**: Q7 (and supports Q12 join lookups).
- **Q7** needs `(o_w_id=1, o_d_id=3, o_c_id=42)` with `ORDER BY o_id DESC LIMIT 1`. Without this index, the planner uses a bitmap heap scan on the PK prefix `(o_w_id, o_d_id)` and then filters + sorts, costing ~372. With this index the planner does a single backward **Index Scan** on all three equality columns and immediately returns the first (maximum) `o_id`, costing **8.31**.
- Column order rationale: `(o_w_id, o_d_id, o_c_id)` are equality predicates; `o_id` as the trailing column allows the index to serve the `ORDER BY o_id DESC LIMIT 1` directly via a backward scan, eliminating any sort.

### New Index 3: `stock(s_w_id, s_quantity, s_i_id)`
- **Targets**: Q11.
- **Q11** joins `order_line` (range scan on `ol_o_id` 980–999) with `stock` where `s_w_id=1` and `s_quantity < 15`, then counts distinct `s_i_id`. Without any special stock index the planner does a nested-loop with `stock_pkey` and applies `s_quantity < 15` as a filter, costing ~1843. With `(s_w_id, s_quantity, s_i_id)` the planner switches to a **Hash Join** strategy: it does an **Index Only Scan** on stock using `(s_w_id=1, s_quantity < 15)` as the index condition (reading only `s_i_id` from the index, no heap access), then hash-joins against the order_line range scan, reducing cost to **~650–678** — a ~63% reduction.
- Column order rationale: `s_w_id` is the equality prefix; `s_quantity` enables the range filter `< 15` to be pushed into the index condition; `s_i_id` is the payload needed by the query, making this a covering (index-only) scan for stock.

### Q12 — No new index recommended
Q12 aggregates `SUM(ol_amount)` across all orders for all customers at `c_w_id=1`, joining all three large tables. The planner consistently prefers seq scans on `orders` (30 000 rows) and `customer` (30 000 rows) for the inner hash build, regardless of indexes tested. This is correct behavior: when nearly all rows of a warehouse are fetched, an index would cost more than a seq scan. The existing `order_line_pkey` already efficiently serves the per-order line lookups inside that query. No additional index materially reduces Q12's cost.
",191.503,3.28
